{"game":"SF","build":{"id":"mator-689f9f9a","flags":[],"xedit":{"commit":"081cd867","repo":"TES5Edit","tag":"(xedit-3.0.32-1900-g081cd867)"}},"defs":{"EDID":{"signature":"EDID","name":"Editor ID","type":"string","conflictType":"Override","transform":"keepcase"},"RecordFlags":{"name":"Record Flags","type":"uint32","format":{"type":"flags","flags":{"12":"Ignored"}}},"TES4":{"signature":"TES4","type":"record","name":"File Header","flags":{"type":"flags","flags":{"0":"ESM","7":"Localized","9":"ESL","12":"Ignored"}},"members":[{"signature":"HEDR","name":"Header","type":"struct","required":true,"elements":[{"name":"Version","type":"float"},{"name":"Number of Records","type":"uint32"},{"name":"Next Object ID","type":"uint32","format":{"type":"NextObjectIDFormat"}}]}]},"GroupRecordHeader":{"name":"Group Header","type":"struct","elements":[{"name":"Signature","type":"string","size":4},{"name":"Group Size","type":"uint32"},{"name":"Label","type":"bytes","size":4},{"name":"Group Type","type":"int32"},{"name":"Version Control Info","type":"bytes","size":4},{"name":"Unknown","type":"uint32"}]},"MainRecordHeader":{"name":"Record Header","type":"struct","elements":[{"name":"Signature","type":"string","size":4},{"name":"Data Size","type":"uint32"},{"id":"RecordFlags"},{"name":"FormID","type":"formId"},{"name":"Version Control Info 1","type":"bytes","size":4},{"name":"Form Version","type":"uint16"},{"name":"Version Control Info 2","type":"bytes","size":2}]},"PluginFile":{"type":"pluginFile","children":[{"id":"TES4"}]}}}